{
  "eye": {
    "orientation": [
      0.8067694902420044,
      -0.14938828349113464,
      -0.464544415473938,
      0.33317360281944275
    ],
    "magnitude": 1,
    "position": [
      -312.51263427734375,
      -87.36041259765625,
      -88.57232666015625
    ]
  },
  "radius": 793.2212524414062,
  "type": "PERSPECTIVE"
}