{
  "eye": {
    "orientation": [
      0.002160116797313094,
      -0.022122055292129517,
      0.005642502103000879,
      0.999737024307251
    ],
    "magnitude": 0.5773502588272095,
    "position": [
      -35.06821823120117,
      -2.328540802001953,
      799.2304077148438
    ]
  },
  "radius": 400,
  "type": "PERSPECTIVE"
}