{
  "eye": {
    "orientation": [
      0.08622542023658752,
      0.09360168874263763,
      -0.01686398684978485,
      0.991725504398346
    ],
    "magnitude": 0.5773502588272095,
    "position": [
      145.42340087890625,
      -139.3091278076172,
      774.2388305664062
    ]
  },
  "radius": 400,
  "type": "PERSPECTIVE"
}