{
  "eye": {
    "orientation": [
      -0.07151404768228531,
      -0.07898003607988358,
      0.012665336951613426,
      -0.9942271113395691
    ],
    "magnitude": 0.5773502588272095,
    "position": [
      121.42550659179688,
      -112.95661163330078,
      766.8754272460938
    ]
  },
  "radius": 400,
  "type": "PERSPECTIVE"
}